true_label,cnn_prob,fusion_prob
1,0.39963209507789,0.36924417654976477
1,0.8605714451279329,0.5933424020126347
0,0.685595153449124,0.6711363106814914
0,0.5789267873576293,0.8137934429657613
1,0.22481491235394924,0.31513701740848254
0,0.22479561626896213,0.15879666292678438
1,0.14646688973455957,0.2595085040550458
1,0.7929409166199481,0.870014913478484
0,0.5808920093945671,0.8491120620500121
1,0.6664580622368363,0.6279304817362465
1,0.11646759543664197,0.6304134883469227
1,0.8759278817295955,0.6820293396370044
1,0.7659541126403374,0.2902970228987597
0,0.26987128854262094,0.8815295567399678
1,0.24545997376568052,0.4850164199136584
0,0.24672360788274705,0.45651082259959797
1,0.3433937943676302,0.5651341642262699
1,0.5198051453057903,0.18757277342004403
0,0.4455560149136927,0.28302669500486355
1,0.3329833121584336,0.7404268931410963
0,0.5894823157779036,0.21623893434010116
0,0.21159508852163347,0.6325216875731106
0,0.3337157188281745,0.34627928774505673
1,0.39308947463495336,0.4614364912335812
1,0.46485598737362877,0.38095498941655986
1,0.728140769114411,0.4345381731719593
1,0.25973902572668783,0.7252367241473964
0,0.5113875507308893,0.38769737249853997
0,0.573931655089634,0.6031237122375177
1,0.13716033017599819,0.5308403217592796
1,0.5860358815211507,0.6809369322901185
0,0.23641929894983324,0.8994637914598064
1,0.15204127438822362,0.7360576777682002
0,0.8591084298026667,0.3219523028726054
1,0.8725056264596475,0.17494650804902773
1,0.746717878493169,0.35981123543986004
0,0.34369101533869656,0.6260623445602038
0,0.1781376912051071,0.19114065078740028
1,0.6473864212097256,0.5470929977609891
1,0.45212199499168104,0.6274742791335113
1,0.19763058787582308,0.41739511265356866
0,0.4961415280890161,0.7667297629966575
0,0.12751081689217472,0.23527860250701743
0,0.8274563216630256,0.210110225388647
1,0.3070239852800135,0.7325510049628826
0,0.6300178274831856,0.5463930529649588
0,0.34936886087152874,0.7007219171421888
1,0.5160544169422486,0.49786187088299694
0,0.5373682234746238,0.3471216265912854
0,0.24788356442042164,0.8052818541393597
0,0.8756677022116469,0.7895327031751834
1,0.7201062586888917,0.7057571766835414
0,0.8515991532513513,0.3677161097839701
1,0.815861880342119,0.6221845334952696
1,0.5783199830488681,0.43877911755202137
1,0.8374993880184934,0.22326565866130732
0,0.1707940016415356,0.8838508603697942
1,0.25678628993531616,0.2594549047351691
0,0.13618183112843046,0.910189883056642
1,0.36026426461061145,0.5068046183663646
0,0.4109418317515856,0.2981063430708957
0,0.3170792254191167,0.5835207579026864
0,0.7629900073215435,0.8483566687011266
1,0.38540266135487145,0.7357799091276489
1,0.32474760774990463,0.7952489182891598
1,0.5341568665265988,0.6770266933685739
0,0.21273937997981013,0.703821251614282
1,0.7417575846032317,0.8293565212522553
0,0.15964051494381667,0.3497344070873487
1,0.8895095492804138,0.5415399709145123
0,0.717795815437326,0.32696755345568174
1,0.2589725452273379,0.9401344063973176
1,0.10441769369888193,0.9052474717492905
0,0.7523691427638673,0.1815414490948047
1,0.6654858750780936,0.7144601380125507
1,0.6832057344327899,0.8901986539325326
1,0.7170162773487566,0.2944602761018668
0,0.1592357213872723,0.6043561844421035
1,0.38677258283541815,0.8823906380704334
0,0.1926952476201038,0.17715678286863906
1,0.7904827407004749,0.707936213797472
1,0.5986385014620463,0.3878792058980406
0,0.3647184198821194,0.8895169563012243
0,0.15084668022881892,0.9268465961322941
0,0.34878585737252976,0.905413191290747
1,0.36014665762139764,0.529371373325971
1,0.6836849426704512,0.8396341207914507
0,0.6100459770841705,0.8256395188280563
0,0.8097701940610612,0.40528037859460453
0,0.4777719401295595,0.8131323793205418
0,0.19567539675064138,0.17960610777239408
0,0.670595829778396,0.6270159027856423
1,0.708628038893518,0.33400706983016243
1,0.549021758055597,0.24645350862182303
0,0.7167737439636488,0.2115625613033673
0,0.49503647709151266,0.7070310207025118
1,0.5181862635055953,0.42189997101445287
0,0.44203281468683975,0.7298134172230092
1,0.12033530139527615,0.20228507263915388
0,0.18631314159464357,0.40223227026448827
1,0.1251433485493874,0.5815930339002697
1,0.6091283290110243,0.7825785318711708
0,0.3514847848610614,0.40500200234565586
1,0.5068565529317622,0.6507131011496072
0,0.8260531791408744,0.8587821985889497
0,0.2994337833191,0.6426905505458436
0,0.42830633842850385,0.336367579802907
1,0.7044409108344389,0.1695206252452304
1,0.283038532393298,0.8460790991207439
1,0.1615839278630344,0.1670155286803097
0,0.3318011623310144,0.8497613381473594
1,0.22897702980320356,0.5731497072217695
1,0.8437581218740585,0.9012541588103169
0,0.7464963036515336,0.7890265886189323
0,0.6067230052083388,0.9483472884266699
0,0.7971684721501742,0.4305694523613681
1,0.7429376615192916,0.7637506311449015
0,0.24925604710882868,0.4715447308873937
1,0.8140471987919823,0.5339004962431271
1,0.5314737935325206,0.6520043705746961
1,0.74595212413125,0.8489416913490709
0,0.8168730399387946,0.937266775359436
1,0.35440277997749114,0.7646187310916145
0,0.18804153962214143,0.48421342573386694
0,0.28234813003355336,0.48708560182165606
1,0.4416862309010051,0.7400658412711132
0,0.7544118127379945,0.34102171661464187
1,0.7885844666050748,0.2383792905051157
0,0.10556170442495257,0.43369772611262125
0,0.5085978420620526,0.3797911933232654
1,0.4339288025190232,0.38704649636479205
1,0.2776862483765842,0.33688620083992793
1,0.19589229386694626,0.1836745517090895
1,0.37009213712290234,0.16429914778673105
0,0.8543277631300153,0.9401779117888251
1,0.35856234561660416,0.49221850698868985
1,0.5150324973946929,0.45746131772774534
1,0.6624151671161422,0.6937178261544559
1,0.39090368190343516,0.3246031102920513
1,0.8774256661767685,0.9099689471601802
0,0.869957835953689,0.7790760115324417
0,0.3014258366602913,0.2215288018498076
1,0.49779880471390836,0.48406462062794264
1,0.34070264785341575,0.8532946460497317
0,0.3278723955019741,0.9057856178331282
0,0.12950955788362625,0.5239212089998957
1,0.5876514671839175,0.6407291113685661
0,0.5021432185830892,0.28362715687366014
0,0.14118300099999148,0.9429349009095812
0,0.32291717138928916,0.3353373611067547
1,0.8266127087733229,0.9041854193081005
1,0.29164951253357796,0.6697173191938948
0,0.21591589767297847,0.6361894359030873
1,0.49156220822205043,0.5601508088132068
0,0.8885203632884806,0.33453584937420694
0,0.2936442172092003,0.2912224256044066
0,0.6377084379247029,0.32638896725614025
1,0.7092956922629741,0.29915060971540364
0,0.29011003519391976,0.7736675788534026
1,0.6825730788894877,0.43010020733338405
0,0.39422650617540256,0.19627414125071707
1,0.6058446644748636,0.925282104112649
1,0.6068237686087158,0.8570287079707405
0,0.5286197472598068,0.8922018265561703
1,0.17223181604352666,0.9459262581171481
0,0.7682419964713904,0.28911619937558986
0,0.35662405197738867,0.466993615122127
1,0.2492148083198834,0.756590780563273
1,0.13262011324381115,0.7068164944430337
1,0.5727143545505935,0.273116725071884
1,0.642051489473826,0.8026664999924942
1,0.11327026314228493,0.3295524574693285
0,0.5096744466394248,0.3290540918580984
1,0.28119662015835034,0.5795795383147309
1,0.6161382323275599,0.6243519478733625
1,0.23949314320399318,0.6140689662702489
1,0.6527501904819728,0.22318946991820388
1,0.4093882770404299,0.8519686901043042
0,0.8493839909893877,0.36248003407096485
1,0.21001675531679462,0.2536119370262433
1,0.37285308084020685,0.8609984638951818
1,0.19077881699247126,0.9145211985838027
0,0.8397548946228502,0.8397020938123605
1,0.8018714827047848,0.7976128597799025
0,0.30635330217212453,0.6741935845112174
1,0.6279872368273433,0.5906858964873114
0,0.7537777601609726,0.2195894079291281
1,0.5441606492795699,0.4767625704565589
0,0.5237204626848052,0.4481508136098512
1,0.2934818327203613,0.35780302700826094
1,0.17448221424471938,0.7287360909508679
0,0.8177726063626615,0.5467005880630166
1,0.8203344457306644,0.21483697272611835
0,0.6064811658186143,0.32614656155984906
0,0.37122383283896054,0.6966070109276767
0,0.37936765969012876,0.21090468759224013
0,0.6807645430961915,0.830965531239015
1,0.8176882079620617,0.5461172216111794
0,0.8096691394120938,0.5344692618613184
0,0.7239004366860992,0.6239262277276141
1,0.6136253169234303,0.8097447727401194
1,0.1673119719960391,0.4282473663217544
0,0.22930297127569102,0.6924129220472508
0,0.8188433508216634,0.6025855711966328
1,0.585143247727672,0.36362261613553704
1,0.10735764129330372,0.8529039890841263
0,0.1811772342928257,0.7879408172855424
1,0.6308014152864446,0.6767614677267404
1,0.10404926707697496,0.8304653832753934
0,0.22864644113399893,0.8438353607678418
0,0.5389870314932689,0.7166903813720278
1,0.6535161581541546,0.8196106626909376
0,0.6215690076020804,0.7079771693354269
0,0.27941544756844783,0.6941126174082403
1,0.6697433770780287,0.6448891025721474
0,0.2897992699974401,0.752173311646113
0,0.36031975852741416,0.276884084234459
0,0.6971931240944194,0.8546966073591427
0,0.6197063192377718,0.8474748221961855
0,0.7793787283953424,0.1733978264276473
1,0.6260903138402747,0.8106534004518101
0,0.5546468826683774,0.25309589397875615
0,0.17493981426247399,0.4180950834073135
1,0.3941726424475468,0.7448066050332862
1,0.31216189414538037,0.27860791683864655
1,0.2951917147032669,0.8043736192952498
1,0.8784084438019565,0.8157073423661935
1,0.4144781797334084,0.555974187008669
0,0.8136372441416907,0.15510869737346686
0,0.6049109007978103,0.3796305065399302
1,0.7358490428333188,0.6435415347005937
0,0.5021096744841537,0.9349489424219387
0,0.5615231077010873,0.6554508216133347
0,0.49401415505509116,0.3578428648513278
1,0.2561943902384356,0.6572045624796891
1,0.6779616922092042,0.5819883037726843
1,0.32461788995268465,0.7738763161209149
0,0.11945277314516307,0.2355845110615667
1,0.6163778367257342,0.7588223220016224
1,0.24168854352563918,0.5830132629408882
0,0.8523668674823315,0.9203936030871956
0,0.8631428616020699,0.4234977328309488
0,0.8318915121763588,0.6560975145071585
1,0.39612696020435556,0.895622484408014
0,0.11236529322309395,0.23200778239254338
1,0.8426548500701804,0.8997827897891608
0,0.44254731865385144,0.7003085778406507
1,0.8733238552349357,0.20426964728413752
1,0.8708959816714023,0.390770853557453
0,0.782407564373888,0.7165376709162252
0,0.3355591136556686,0.20388048117501734
0,0.4080781828815402,0.6157363681410186
1,0.7809093372134855,0.42670644556236537
0,0.3535376041250221,0.6467324142139816
0,0.235594197348874,0.18659362705001026
0,0.5454410099666801,0.847229444921901
1,0.8489238193286248,0.9287911753419175
1,0.6568238373399784,0.9251022842285531
1,0.556048936071492,0.7497214653943397
1,0.17774119501661484,0.25406899210450556
0,0.5920057813593358,0.7566105567432181
0,0.8920430800834106,0.1696695331670412
0,0.21206721218921923,0.16769884122319778
1,0.5146637218909894,0.40888817531963295
0,0.8018984575423643,0.5409145523237325
0,0.6926148942033635,0.7663259342462345
1,0.6576125927962144,0.6966363012852042
1,0.6619872671896874,0.5067221651013987
1,0.3875929209758041,0.3689013330253327
1,0.33487347541159473,0.9476996001261688
1,0.7474889243828109,0.4909450417887783
0,0.7480907157433446,0.5111096194637403
0,0.793657854864083,0.28089905695333534
0,0.830592442045177,0.7858476389999435
0,0.5090739190887502,0.7049457806251909
0,0.5012130357497597,0.3266156902310083
1,0.7386361431734202,0.21590483649267414
0,0.6199711446222121,0.6943994416597704
0,0.6615735018061627,0.6736089714249082
0,0.7366341355488809,0.3686076215985674
0,0.812004273454053,0.9106908498003282
0,0.3703961254812287,0.27084631342472015
0,0.4004663621119552,0.49586784083408153
1,0.17518555187269522,0.9048927361340791
1,0.5626241127969392,0.48578185354089776
0,0.1287538190373937,0.6608207581312684
0,0.47247841450596817,0.4680755183702354
1,0.5341157077660613,0.369372161878936
0,0.32923300170262754,0.9371821183678626
0,0.5726666084552087,0.47746720505203444
1,0.12440019995123955,0.8652793629433075
0,0.12987855099937154,0.3339636847128689
0,0.7580804485277266,0.3204837632200666
1,0.38815251312901033,0.17490726630760908
1,0.20164841012150783,0.6713334603007081
1,0.5177946080438435,0.4448210749790089
1,0.7159948424788887,0.8414865998717096
0,0.27265682199747454,0.5285679253532457
1,0.5983123806552002,0.9245547423317774
1,0.1682779719950144,0.2984204125624969
0,0.14134537693488616,0.8448985343644886
1,0.5250837052545184,0.7712774822333933
1,0.5325080972880852,0.7667374757152415
1,0.6099439211985652,0.82582658249351
1,0.6808730669781292,0.7588191927543991
1,0.8806816635700278,0.6509762573051323
1,0.5130402786409562,0.25499590214591006
0,0.35836517835299675,0.17602094359300152
0,0.736148955814963,0.8866782782525494
0,0.31666580100965935,0.6433202516165903
0,0.45117713656450886,0.787229832780941
1,0.16276510507381275,0.53521788121004
1,0.12028059473236602,0.24384655116991555
0,0.8701187317423401,0.25014863376204033
1,0.7687840964097646,0.6984522297831771
0,0.6567793648749584,0.4942447159195701
1,0.4271623555314159,0.3104197813602694
1,0.23863545605667663,0.5432756373931494
0,0.22514963413686884,0.20136714966010727
1,0.3001943185316763,0.615577121531519
0,0.5393813317648964,0.36519472354807814
0,0.6716767381600499,0.7880472805097505
0,0.628157901374185,0.398289567138859
1,0.3239471175567543,0.5141761192654409
0,0.8638922245305553,0.1592964319264805
0,0.6903175333566148,0.2079575102356471
1,0.5434832420091206,0.46399484512534783
1,0.5893765969874818,0.5339510677736987
1,0.435680049942232,0.630016438495443
0,0.298184791600926,0.38333006296744254
0,0.3847781429210093,0.705985508901234
0,0.7062768883714953,0.8380979177513637
0,0.1115147909038047,0.7738807911146798
1,0.192858112405533,0.1816950602786857
1,0.13680211361740222,0.5344055578062631
1,0.1325830418551761,0.2339441427345399
0,0.7843684672088058,0.343636012690022
0,0.6629262875040189,0.9393300746137171
1,0.4793390632698602,0.26399643432121056
1,0.17826732852080118,0.5491105227610849
1,0.49329270009346593,0.6445245874544953
1,0.4787774166244526,0.7119719764352831
1,0.23856149592801215,0.5977189467895312
1,0.44708131939037843,0.15781667793534693
0,0.4188037875178988,0.4111690465951935
1,0.5926800784417732,0.5641693147077691
1,0.6080749206941151,0.22029319931586666
0,0.13624320781763563,0.4305015449673446
1,0.399690091701177,0.17656248703309324
0,0.6006879325713891,0.2128627977240166
1,0.5025090068640702,0.46753862096127685
0,0.7851918729506578,0.25617260323444824
0,0.626954905295156,0.6040326786092465
0,0.23034754166514376,0.7015719753098125
0,0.1564549979203439,0.7904693592872662
1,0.6139354225650525,0.31012019539584806
0,0.12120904843329745,0.2839860658072558
0,0.5686204650187706,0.23365427226752017
1,0.8521841931399661,0.6591441996349093
0,0.5603793423007032,0.7151805811895209
1,0.4105359409652175,0.17526891586051363
0,0.6146305747538825,0.8989697969949518
0,0.46660231239321337,0.19157702692117792
1,0.536493431452748,0.5830370682408563
1,0.8531718470212202,0.7172484155607332
1,0.4088821102406194,0.8467752989968684
1,0.8689524510591314,0.7212695457059423
0,0.824280513564851,0.7913824664558334
0,0.25663290783143716,0.42156015403424485
0,0.15548904070013236,0.8018600909972098
0,0.18062240110194133,0.2140918771077401
1,0.1145774605212398,0.865853324848422
0,0.17555436860474272,0.588073900922989
0,0.6464054187330854,0.8038382159699949
0,0.1569509187681832,0.5118546276146401
0,0.355180504235009,0.66486215615722
1,0.7759002487755636,0.5711221287488906
0,0.11861754858866069,0.7352716174042655
1,0.7515747860711487,0.21530398562447164
0,0.32548381981872,0.19828166719245102
0,0.194531862097325,0.3476825872081171
1,0.6573897322913205,0.2776357440905507
1,0.6031542774239071,0.8474268532737613
1,0.8019776108216424,0.32537118988643543
0,0.6880568350431087,0.930692204655305
0,0.7427847443078789,0.4195166334168855
1,0.3256276580570452,0.29569433255095945
0,0.24195163502377826,0.7817588057139833
1,0.7004918013126867,0.6769662204007009
1,0.7454677914138113,0.5485565731625112
0,0.8924041136005386,0.594290840750105
1,0.43009414152914116,0.725361422617811
1,0.39761446863422656,0.33276379306503895
0,0.7211303685935975,0.9470671328453935
1,0.37264283220241434,0.9298345297174264
1,0.8446058604828518,0.6702605490775495
0,0.7867302014744094,0.30963396074331606
1,0.4431952219000147,0.694182593945033
0,0.7006968542331979,0.20775872718334065
0,0.7036342992677459,0.17452200176464483
0,0.1824990950687461,0.3561463108089709
0,0.8220423253436534,0.520098365391453
1,0.5042018979582857,0.8446180043267044
1,0.7611659728861934,0.7317352558130464
1,0.35603968082448945,0.7441652169599848
0,0.8164185827969604,0.4903946675584603
1,0.4113613429873305,0.42674799403757036
1,0.10867012118423869,0.44683101038768214
0,0.824305581135411,0.9401196509888462
1,0.17302934142890686,0.18208735312998597
1,0.35545091007233187,0.8436251968979588
1,0.8600495736406439,0.6129403268579147
1,0.8604857175500449,0.5008923353516723
1,0.5587503104986289,0.7302061283321092
0,0.6054697697358394,0.5393351531397622
1,0.45875641758265584,0.8487385904653284
0,0.33456861735845167,0.8705614912090067
0,0.36293163629593284,0.4873767414987643
0,0.6380147648616308,0.3714622377880412
1,0.701899623550144,0.6238802628746898
0,0.7332632349806788,0.8798906764933527
1,0.7316945142356431,0.31852975120453325
0,0.1729648824389523,0.6483732668507862
0,0.4955362437620652,0.6552481760740164
0,0.14604700801331544,0.7364904179322248
0,0.5396231058589884,0.2552541481018078
0,0.45322440109870166,0.7226599717456709
1,0.8101633462066399,0.8772260165325128
0,0.380732010041663,0.29374648709619355
1,0.1936536131420847,0.3400346599391021
0,0.2143933456422687,0.9271160752333116
0,0.7092085053739778,0.29478156216759177
0,0.5945744506530088,0.8335080746956632
1,0.1808981408982322,0.5438222851584278
1,0.16728544489199795,0.3477848595225416
1,0.660775305167296,0.8465999210180091
0,0.15821040509135484,0.5062442040021323
0,0.757488047432285,0.5618538831437521
0,0.664993781725197,0.4373866955198126
1,0.1650790245135198,0.6243606811479419
1,0.16787017126815354,0.2808190980680182
1,0.8893116628009404,0.4628652293214085
0,0.39941663660489624,0.9255298578682299
1,0.39651371765351273,0.356506746160902
0,0.7502396538060021,0.6753893316330337
0,0.857798861907087,0.41015205137975586
1,0.8888008510582968,0.7687785005492805
0,0.7027025482071533,0.25469892857467985
0,0.4010076684247327,0.9258568360628358
1,0.166800573358935,0.5130316331069114
0,0.7217175327419495,0.33884037067717115
1,0.546723399788644,0.2087973978640101
0,0.439377607397581,0.2858063240700326
0,0.8250835080757888,0.565819158844814
0,0.18895798584492107,0.41960254114502904
1,0.4941000834326873,0.8131066927060876
0,0.10908291581393526,0.49471001892944466
1,0.4749285135953011,0.3489714180701039
0,0.1450426205454699,0.643715989283224
1,0.19505433301445754,0.7154217735083567
0,0.1940209974216839,0.2836335263207599
1,0.6193682416928509,0.28409537303065413
0,0.6968359034123386,0.17933714154683436
1,0.5666950120777278,0.7391216120525124
0,0.8697380387796335,0.6810436220974441
1,0.39989646361896325,0.5297047005998511
0,0.32856966902548856,0.8253363591753576
0,0.7948793025515682,0.7945361223600426
1,0.2788766708155621,0.6182834915174017
1,0.870578031552489,0.8446170244106068
1,0.10972357975185308,0.3146729680294146
0,0.8759030613661113,0.23953569551818227
1,0.1345279295604609,0.3657996892135917
0,0.8129144909584569,0.19566948487145186
0,0.5221608872690399,0.5749356224008255
0,0.8943718368954403,0.8992845538359692
0,0.1590372517883191,0.1814748325348077
1,0.5430834275210566,0.2476879312080214
1,0.8754420284952792,0.5117592226267482
0,0.5184782753361191,0.8971000140223239
1,0.60351891050821,0.40292488398140036
1,0.6565989511876937,0.5557878469507139
0,0.46363285181421865,0.18325828724031368
0,0.6020464640672507,0.26867456076967106
1,0.5674514495384803,0.9393040983670775
0,0.8209264083927912,0.9220949571488364
0,0.1363571042731663,0.1539519847475277
0,0.32477055167378427,0.9114494283385911
0,0.860329187261247,0.6612959502524003
1,0.8122110271127331,0.8443346356160176
1,0.4645254022285704,0.5137918845070872
1,0.5961060782412294,0.5624768228634002
1,0.3219049463849062,0.5410772642055361
1,0.25049692777900906,0.6834914060368834
0,0.4709587239519858,0.2617210038050503
0,0.3826817824208423,0.17397887189814235
0,0.5669248894806976,0.3963439532729527
1,0.1621877095719879,0.7137446101893173
0,0.8795158461329332,0.31148276169835865
0,0.8889685955836824,0.6887459466599338
1,0.6585293712157961,0.9259296368858163
0,0.5288770930752963,0.2251205726315347
1,0.3476220930290622,0.688081694580101
0,0.751036015765559,0.5050001754436568
1,0.6477849380431034,0.8445138035020042
1,0.23009355147591304,0.2917198315579087
1,0.828741747595074,0.7041007617809316
1,0.7580297943385352,0.8204922317184882
0,0.8598399306335393,0.9056913755792185
0,0.680575606710688,0.6965984226317167
0,0.5907321567486319,0.5477398112067418
0,0.4345944290324951,0.644277792160971
1,0.8461827866832107,0.8451239875829746
1,0.7928511116003267,0.6064877973110637
0,0.13617493608495154,0.1743096477574695
0,0.1210935795978016,0.8947589564055822
1,0.4011706935024397,0.7016214008252489
0,0.7484426646254664,0.6912107086217972
1,0.8898209034519556,0.3225401219181737
0,0.22033351288282255,0.6771083761861257
0,0.5753045722817082,0.4650915245233268
0,0.4047126853048172,0.6709863816331937
0,0.8759315182516826,0.23527442424639256
1,0.773695138508567,0.6762762436824288
0,0.7706629637689103,0.9495309806165332
0,0.47495452783597625,0.18856963108844482
0,0.43185560187013217,0.9317393473770538
1,0.318725657544565,0.47552636857829644
0,0.1451003973207417,0.8466027602698073
1,0.7917779010040426,0.7759083872466187
0,0.750320807304062,0.6036130087893342
0,0.8997741386289045,0.7407593674010612
0,0.8973094696591243,0.8528124490410782
1,0.544345364482102,0.4733122573208264
0,0.7151899321444084,0.41162652925059096
0,0.8558125839059424,0.6840747084508677
0,0.7797179125419292,0.7962767535530069
1,0.29787848139455814,0.7598281078212926
0,0.4604353082480749,0.7882509190869076
1,0.203327532121196,0.49846665185034633
1,0.8632408218069779,0.8042673729400173
1,0.584939707560704,0.24616724429648673
1,0.2829142444027702,0.5855912783686796
1,0.6373605475246854,0.15460692839849724
1,0.5945025923663166,0.40966866392021617
0,0.38653017442627247,0.4431692278971183
1,0.19084607375970322,0.4669381532874043
1,0.6372585564742397,0.7063737653518897
1,0.5162461607230346,0.46084648101627657
0,0.7178547133885115,0.5089548980980245
1,0.5161308008895947,0.34003530469946197
1,0.7817452002548321,0.448601433303472
0,0.5415254710195885,0.33181570181052117
1,0.548750377228309,0.2085567390147549
0,0.801322882126676,0.6327588747051023
0,0.42278629296991765,0.684570238844013
0,0.2072121827605126,0.6455922768076916
1,0.12302614105067118,0.5207952350404579
1,0.7041098045388953,0.4538286241433839
1,0.5962476410827717,0.8406669196574601
0,0.6632638144793789,0.5652654281089744
0,0.2703713292071286,0.5333455021037847
0,0.20909718046941583,0.17051365264514853
1,0.11163573253430555,0.42299826210092506
0,0.38047004704527765,0.4541564950286856
0,0.5719341494837065,0.46905822471752034
0,0.41379523607978586,0.6141378953818658
1,0.44997993761898325,0.5768820373815027
0,0.8233269555949988,0.6363240742347557
1,0.3786043736186403,0.7619066092337026
1,0.5111915913278486,0.8003885909728747
1,0.7269224101929145,0.7244984609811955
1,0.4172342258570162,0.9144189567639477
1,0.5976693601822988,0.1645860661410893
0,0.7898909669973961,0.3066223885468369
1,0.8596164989261137,0.15605029998251368
1,0.21765878474323036,0.6679797713236824
0,0.8412701001291956,0.8684244391599895
0,0.49369303446363055,0.3447858372610394
0,0.3065955106391667,0.8916276358370453
1,0.4673086049906091,0.19821391223164866
0,0.8840260602283817,0.8975488214444114
0,0.4940944751942957,0.43129814979170755
1,0.36300128823000655,0.2311366627593732
1,0.6067206834533806,0.5386974073490605
1,0.29211649502255443,0.35542125417640635
1,0.16069066248693115,0.37789832156953823
0,0.20310377752851938,0.39583197194102926
0,0.20243667116621797,0.7924207182661307
1,0.2215221548098355,0.5813290213402036
0,0.2110617381195281,0.3990461593248029
1,0.6126997958425717,0.6382670266487347
1,0.24550406751931586,0.7229205393785548
0,0.37653382665909063,0.368099200586827
1,0.8174307279248095,0.4808392812202812
1,0.4791693122102979,0.247508874669558
1,0.6340461908168218,0.29491947962774423
1,0.23785589696130388,0.6948942831719862
0,0.2538312150469366,0.29515067815650153
0,0.1326948930131831,0.5701307069336481
1,0.23514805045773166,0.7172370093779461
0,0.32287227122556694,0.23550153847579505
1,0.24160838742139745,0.6038497757031228
1,0.1709620270056445,0.355250226961091
1,0.19650869688048067,0.9203415001900638
1,0.4686230144261806,0.5368365173759397
1,0.26506697472463403,0.7947940398201264
0,0.39141588883846035,0.5901812337250094
1,0.5027338166838855,0.18473002628385532
1,0.6523158629034922,0.6565211004752178
1,0.13144971187287915,0.9111226737653255
1,0.7395283191272342,0.6312894561170649
0,0.6023203115927263,0.8053510875414321
1,0.16540722555909754,0.8573651706787262
0,0.7988628992854218,0.33246381755914595
1,0.8366979204254505,0.31963587192658127
1,0.148862367883891,0.6387847910807933
0,0.321502118517763,0.4788227758453637
0,0.7449610238344491,0.8218890422933762
1,0.6986077523069267,0.8700184987184089
0,0.24761681548510187,0.4327371034421744
0,0.2674794586693683,0.3394964471795856
0,0.39637768223310565,0.7744204121950894
1,0.4876183881528171,0.36984482843850885
0,0.5946038172242368,0.8080914548109427
0,0.39513091165581793,0.4889906029190102
0,0.4700277729065183,0.6840399194331763
0,0.6979767505070053,0.22642825106773454
0,0.12934656231247832,0.6490874597412584
1,0.3019495554752166,0.5114141429897833
1,0.670679668707642,0.6192867705403793
1,0.8161654701497595,0.2844113661958907
0,0.5093419536925329,0.7394989959553456
0,0.5256907882122526,0.8402376620345828
1,0.18573760907182085,0.3233918400726205
0,0.4579298934587638,0.22657164441612937
1,0.5260938131640186,0.1689108688370691
1,0.2939764029077837,0.6635772003546128
1,0.31539458475950477,0.6356752288710246
0,0.4018273304836981,0.5873579301712559
1,0.1160569582221811,0.3355576768927803
0,0.3576633324665427,0.4627247967244117
1,0.2691584055972357,0.6255810681489384
1,0.3619978817423317,0.5474134870873355
1,0.195809705455401,0.9402284161719098
1,0.812421824591916,0.25915180204538646
0,0.574873962843239,0.706115643238075
0,0.6432818553155917,0.47345501448343363
0,0.7313369908858707,0.49255969194049176
0,0.4987537591432458,0.7240782125265409
0,0.16953623046993896,0.7039489210594957
1,0.5296852334548382,0.9430047949617506
1,0.5694728944167033,0.2527154315633002
1,0.696351579347464,0.23328771950733307
0,0.44532763698374356,0.7294710537029929
0,0.20206424223645103,0.6127095336051273
0,0.3270207246389796,0.36932853324784465
0,0.39046583711890814,0.21353549519118928
0,0.616733793065281,0.2185265996771444
0,0.5566226437351295,0.8653526997312946
0,0.38487738071827704,0.3034938597749943
0,0.8892121990343838,0.4086972496924166
1,0.5846198554855098,0.3313251217815904
1,0.2897814333887956,0.4339970446655498
1,0.181425978096323,0.20553907419687467
1,0.22228731134746563,0.5652478327266163
1,0.2967661827076065,0.2040900508737719
1,0.22854509860764455,0.7902852062578892
0,0.2492536192410446,0.3369696655283464
0,0.3280761349550777,0.5820095316836085
1,0.23869887623580388,0.8540632700491666
0,0.8174123397011401,0.6707018952377554
0,0.1641869965293138,0.5763662292410682
0,0.5196091116562037,0.4094670024923005
1,0.42831746159172923,0.41640153044655837
1,0.8859028935268851,0.6855895641585521
1,0.18963112173444188,0.945311488976934
0,0.4182844792365933,0.6794713518795029
1,0.8755763466202952,0.5962267338960199
0,0.7924057007151842,0.7345204081913969
1,0.753657656759424,0.5221644898269745
1,0.3063222616359519,0.19811387408062817
0,0.23671006991205268,0.5998374527023278
1,0.6349145759395448,0.9161002276043041
0,0.8435007913020687,0.29024235388612774
0,0.5454103144111438,0.7020039126565326
0,0.5572901515759199,0.31074695092724514
0,0.3239832749282273,0.578662147578465
0,0.7155943465535496,0.22734115971737567
1,0.2496349988460187,0.5102967490065481
0,0.35894338912339496,0.7549306631161968
0,0.4403491508931334,0.4280572193911857
1,0.506088302947564,0.6819293795897744
0,0.2939277859320642,0.7863599686317834
0,0.19186945979136283,0.8917422555835621
1,0.5884960339533061,0.3377136654843628
1,0.33090444259220464,0.46945273264744647
1,0.5649905771380899,0.27193281066433395
0,0.22349017221936185,0.9439868017267001
1,0.484912081483854,0.8916007743394362
1,0.5260715460412687,0.5819657042244476
1,0.14145882945794153,0.823626635501137
0,0.36928342255513646,0.5667663818176337
0,0.2075317415511794,0.6488685504022077
0,0.1506999763782142,0.2212995456928133
1,0.8919681859119563,0.7542163363974463
0,0.3578830759797784,0.25217078690818784
1,0.7478995566837079,0.8108541042020226
0,0.3037125238110111,0.7756224701363087
0,0.6452021777791435,0.7169957581943811
0,0.7081822879117493,0.17892830441980967
1,0.5765109924862755,0.3925026847562628
0,0.47726095084012676,0.3604900559286743
0,0.4294727313178148,0.4381091259772153
1,0.3790946132343963,0.22011419741107083
1,0.8436233153982607,0.8995662584248502
1,0.7644955262301834,0.593041792569901
1,0.8720215285332101,0.3944194485264188
1,0.1994377787884358,0.46758521365942673
0,0.6846939801629154,0.5077620324038685
0,0.8506723654568303,0.6304754666884937
1,0.24498645293252813,0.5625435421571982
1,0.153197013893422,0.8855135785715338
0,0.6928965194320472,0.5475707863246642
1,0.5595784905439295,0.9437264118586501
1,0.7734630214066177,0.8311399661960766
1,0.21181790130103162,0.31680841148586864
0,0.7362138494879121,0.8944761717151329
0,0.26130185603819567,0.24309311830838087
0,0.23092475429256362,0.8039597667929532
0,0.23141263834479436,0.45449863478126407
1,0.7516597761851057,0.8523794563560556
0,0.6321577765569601,0.8444453520859603
1,0.5184523398152955,0.7947403200940969
0,0.387064387298802,0.7820243490456491
0,0.8017604326504867,0.3937433112784326
1,0.4139560859381083,0.21473542644100174
0,0.7532795515772617,0.47238414301212917
1,0.4513079268561747,0.2888196119892069
0,0.40155554353992606,0.7059608711219694
0,0.47014382853568515,0.4268797812302284
0,0.34110229933131364,0.9304881606879318
1,0.6980875041410008,0.6627776618762656
0,0.5021763120739834,0.8079844509074887
0,0.2857701561174538,0.25601973819347873
0,0.8196596586196548,0.839611585818098
0,0.4071129770985692,0.8882057524107154
1,0.5348422888911909,0.5396495350551487
0,0.8251776887716376,0.6350023502007819
0,0.5993903967311937,0.7618478407223963
0,0.19351843256669127,0.28987090180833003
0,0.8518656988907801,0.5520528611707539
1,0.6021664424571342,0.4689304222178504
1,0.3679244917256689,0.2670991937297993
0,0.2114176581307098,0.4440275378332251
1,0.7352201514162368,0.20453784750839485
0,0.5960582047428108,0.17064952555958957
1,0.5267688735810573,0.2581330313238582
0,0.8151140664407661,0.9204920892713391
0,0.7308777689796246,0.5896236287160135
1,0.22133990378620094,0.9226577289225759
1,0.34937765423643863,0.4959983026641055
0,0.2987913118515726,0.39945290646820764
1,0.6951570340581416,0.5549134902721953
1,0.12682594778862352,0.5016093509063281
0,0.5559117478970532,0.2345317474093951
1,0.7099669485925525,0.6626610517521649
1,0.8014125094093996,0.3228305460076797
1,0.373665398972726,0.6456703639182636
0,0.7570058437376103,0.6701608739185226
0,0.1885053895641658,0.27161988250291846
1,0.7771618333876146,0.1990797016885345
0,0.20199092986558595,0.7746092688547518
1,0.41782983244829386,0.5178403390154561
1,0.7378362926236429,0.19653103640438063
1,0.21993394187901905,0.9458930537358137
0,0.2834011161861132,0.1962244487970933
1,0.677802054714453,0.7060281830868426
0,0.6760292292368595,0.9369431402107309
0,0.6129181063082378,0.34134408337274047
0,0.65515875557368,0.2637994949497569
0,0.534179554678077,0.2471079515379431
0,0.30143924712556225,0.3926201180540764
1,0.37655679480313553,0.23083664880851734
0,0.24527817344114056,0.7037290733553055
1,0.8267604490669027,0.19983343850405014
0,0.5667134358128963,0.5575377025198317
1,0.42068113341091196,0.9473574830823814
0,0.4696046429153061,0.801176215604815
1,0.8578266716894523,0.6421755505848087
1,0.22268112249286418,0.39500289662928934
1,0.5689838656134378,0.6491166690333108
1,0.5047109431075728,0.5716331711293212
0,0.5891633883477183,0.4908667071122972
0,0.11448814705667242,0.2545683013921596
1,0.7976991271553212,0.8592833721923734
0,0.8456946259868899,0.5098277190570579
0,0.5521065468713672,0.3056980094566121
1,0.6573206591015138,0.4442074807018317
0,0.8379995049418366,0.4813038020231416
0,0.6657909074507189,0.8120303164534994
1,0.2220312343314091,0.7368915044491217
1,0.5610306881334506,0.7654439149130718
1,0.5853720371062847,0.15882501154291775
0,0.43930453704190886,0.48292319854380916
1,0.6891553884997783,0.5350753213082589
0,0.8474936118152119,0.16535382145844535
0,0.8404548103254211,0.35785056699602735
0,0.4606714971233057,0.758231858497708
1,0.19059043667260422,0.2596877645831992
0,0.8878729591698676,0.5782481051620733
1,0.7711184691567473,0.32216149761379
1,0.1997301449626135,0.15969661971511462
0,0.8366735060938979,0.3429611660796332
0,0.7959170896497026,0.930699003928043
0,0.5150704457008577,0.7912296895063916
1,0.5730203485959434,0.9176613154568267
1,0.41920216309610425,0.5402832351410899
1,0.14380931105762507,0.2377889589420028
1,0.3681577933167207,0.5883675911789543
0,0.7422827588784092,0.5135018676479687
0,0.1037056184036823,0.8254856661916927
1,0.36679933735291537,0.22846606462739566
1,0.4185349548727547,0.5405929096174225
0,0.5299164823503383,0.2700389317551874
1,0.8358844931302084,0.409740741512048
1,0.37707679549276907,0.7398856619102397
0,0.3775625615169822,0.5308145034950131
1,0.6900009984877987,0.45071062811661544
1,0.46177435271184575,0.4655810228560282
1,0.2796838583519856,0.5175574147247892
1,0.4619516129061547,0.7780132350696455
1,0.2126856163038399,0.8636677511521875
0,0.24110958920497866,0.9142677492031426
0,0.49869421819158377,0.779522709004236
1,0.4351403596036384,0.4023255165984102
0,0.8318767208544801,0.7005077648692337
1,0.38991511929330647,0.5000824992443135
1,0.5644706802224347,0.3537364976368409
0,0.6058114303356243,0.822697263540738
0,0.11047556527066692,0.18074107916985999
1,0.6308298976133685,0.8714095937083388
0,0.24242877349580116,0.5191819716997873
1,0.8688562539755641,0.6597611814466243
1,0.2189301822024904,0.6774831377646261
0,0.43169929898161896,0.866094192565229
1,0.1682797344629151,0.6593357457337659
1,0.8974994014767579,0.6411468678080494
0,0.5017560082649941,0.20332163244855195
1,0.576308013856035,0.5647264175561633
1,0.153661181910742,0.2701352006536333
0,0.6999683763193423,0.7399470149771884
1,0.2679244744764686,0.5597775366501395
1,0.818443431552571,0.6941822233666827
1,0.2641117123856057,0.1833383204819074
0,0.25255017653093326,0.21783361283664257
1,0.1292397342784759,0.7230587104501458
0,0.4776535560879994,0.2076674687989387
0,0.5518729066100931,0.20700538221220688
0,0.1525669115426819,0.15968678018790997
1,0.7204220933560085,0.9152011186395841
1,0.4626310677984221,0.7400066875672056
1,0.519512215462064,0.4326011268016513
1,0.4526101975505825,0.38722846503012415
0,0.42061044870026076,0.42976258379667964
1,0.5477122650465743,0.7697228249449455
0,0.22419219674457003,0.6790964888563314
0,0.24554250439621692,0.2981564542939743
1,0.7894284968108138,0.2892874682672675
0,0.8568923697069062,0.22871651977071783
0,0.39864745302380233,0.6782421757610705
0,0.316595738514843,0.7614981297773887
1,0.6151996345912126,0.3620371426600032
0,0.4269873368784771,0.16675596882473023
0,0.12030908452827589,0.21573733398114187
1,0.2249220778929523,0.9242880278760244
1,0.672777783077918,0.3863558219819362
1,0.6271391535281211,0.7653785182705068
1,0.1216767940027868,0.649730855083411
0,0.27757772954635956,0.4555517117223167
0,0.28485983727045716,0.3145498097564441
0,0.6375141948789828,0.24710913452752514
0,0.11576843020349133,0.6420103744310932
1,0.18328686558765908,0.7697070245102303
1,0.7399328682985515,0.6651234028329045
1,0.2428357296434669,0.5742417065993266
0,0.6221968862814997,0.183560978745309
0,0.29054622483738124,0.924791022075507
0,0.17955311420747613,0.7889713533236596
1,0.2945377527995633,0.3842576293607718
0,0.6778135454845273,0.9339762634870805
0,0.7845571744850286,0.6315052717090577
1,0.7641758916535933,0.6159381265657972
1,0.4177468236947639,0.7484585435436256
1,0.634468109256517,0.7994158304721101
1,0.26398743633265676,0.6751828858652021
0,0.33451818420881063,0.25247659709296
1,0.8170686548168958,0.42061400479559874
0,0.11040153880858883,0.8924669122608397
0,0.16840682468357449,0.3296924894750815
0,0.2663090041168219,0.44773361907001064
0,0.12122576309905578,0.4956615063553568
0,0.24514834807183786,0.5015239917555617
0,0.5664332487757537,0.6403516659956203
0,0.43713964047399834,0.904460670195766
1,0.81413736886158,0.3425541694660039
1,0.7539548493907527,0.24720110104073445
1,0.3734538813583008,0.30797639188794984
1,0.307538746745034,0.8595399201674155
0,0.4037539265338136,0.6666486501241647
0,0.5722359540118462,0.3787254313913281
0,0.31445091265830105,0.8027575511748938
0,0.5993191262793073,0.8390959970907488
1,0.4275293217529924,0.8272114709522224
1,0.5416377446815842,0.8851412269116435
0,0.4489012233082533,0.35179281613868923
1,0.33557260763353414,0.7540335429970226
1,0.8587626455697254,0.5184315978193119
0,0.7108846353278087,0.8235988423120492
0,0.21209054061316204,0.7327925417292905
0,0.7947743807183303,0.7711579571997796
0,0.48994495859961096,0.6749294701448572
0,0.8156417815152731,0.2919430155757655
0,0.7398842047578522,0.5860215351175506
1,0.44017080357538674,0.9377357916196065
1,0.11797544665609393,0.8999104531976951
0,0.3149418875079569,0.1845389886376093
1,0.5333073717286936,0.2818518525835497
0,0.6067825758609178,0.2553830187636495
0,0.30631014834656184,0.7307839279882363
1,0.21148485925825933,0.804228263885556
1,0.7679441894394393,0.3208090930485375
0,0.8875217445628417,0.5546821543614632
0,0.5205521458421487,0.8225624224089599
1,0.2373434286786428,0.7362412358130005
0,0.3178458612154952,0.5837897643934786
1,0.11471254123797339,0.6222781523670182
0,0.8314390452483992,0.5566884375330239
1,0.19420086631211292,0.3880387610550564
1,0.5612131804114029,0.6020175942872128
